{"cameraMode":{"drawMode":0,"name":"Shaded","section":"Shading Mode"},"sceneLighting":true,"audioPlay":false,"sceneViewState":{"showFog":false,"showMaterialUpdate":false,"showSkybox":false,"showFlares":false,"showImageEffects":false,"showParticleSystems":false},"in2DMode":false,"pivot":{"x":59.052913665771487,"y":1.3397220373153687,"z":55.099998474121097},"rotation":{"x":-0.31155088543891909,"y":0.6845118403434753,"z":-0.4195845425128937,"w":-0.5082744359970093},"size":6.338832855224609,"orthographic":false}