{"cameraMode":{"drawMode":0,"name":"Shaded","section":"Shading Mode"},"sceneLighting":true,"audioPlay":false,"sceneViewState":{"showFog":true,"showMaterialUpdate":false,"showSkybox":true,"showFlares":true,"showImageEffects":true,"showParticleSystems":true},"in2DMode":false,"pivot":{"x":61.016998291015628,"y":6.60875129699707,"z":26.555294036865236},"rotation":{"x":0.20493575930595399,"y":-0.6401444673538208,"z":0.18271014094352723,"w":0.7176142334938049},"size":51.057350158691409,"orthographic":false}